num,year,bt_ret
0,2018,5.625788624356298
1,2019,4.143627819271045
2,2020,2.4890735288330412
