,true_value,prediction
0,2.799999952316284,2.6461062
1,2.609999895095825,2.6067033
2,3.890000104904175,2.5407598
3,3.25,2.447878
4,3.0199999809265137,2.3549228
5,3.1500000953674316,2.278379
6,3.9100000858306885,2.1997147
